CustomerID,CustomerName,Phone,Email,Address
1,Chị Hương Bùi,01 5623870,janeduong@example.org,"15 Đặng Số,JaneQuận, 958572"
2,Nhật Mai,+84 20 5744624,upham@example.net,"280 Lê Số,Quận JaneXã, 139061"
3,Hải Bùi,+84 70 3770712,avu@example.net,"3 Jane Ngõ,Quận JohnThành phố, 465635"
4,Hạnh Lê,+84 93 6160278,choang@example.net,"52 Jane Đường,Thành phố JaneThị xã, 323387"
5,Chị Hải Lê,+84-38-805775,john19@example.net,"7 Bùi Làng,JohnThị xã, 850903"
6,Dương Nguyễn,00 8914 9462,jane58@example.net,"32 Jane Số,Huyện JanePhường, 885620"
7,Ánh Nguyễn,09 6032 9089,jane76@example.org,"520 John Khu,Thành phố JaneThị xã, 436127"
8,Cô Lan Dương,(04) 6822 2731,vujane@example.com,"56 John Tổ,Thành phố JohnThành phố, 728365"
9,Lâm Mai Lê,05 5710 7643,johnduong@example.org,"91 Đặng Làng,Quận JaneQuận, 401418"
10,Bác Anh Lê,+84 26 2877616,obui@example.com,"5 Bùi Khu,JohnPhường, 525616"
11,Anh Bảo Hoàng,(05) 2657 7625,janevu@example.net,"001 Jane Khu,JohnHuyện, 274179"
12,Khoa Trần,09 5482 3600,johnvu@example.net,"118 Jane Đường,JaneThành phố, 681194"
13,An Thị Vũ,+84-37-539848,jane92@example.org,"1 Nguyễn Tổ,JohnQuận, 260968"
14,Vũ Hữu Lê,+84-45-244 0909,dnguyen@example.net,"022 John Dãy,JohnPhường, 433655"
15,Lâm Phạm,+84-52-139 0378,xle@example.com,"337 Jane Khu,JohnXã, 429417"
16,Quý cô Chi Mai,+84-26-061518,john78@example.org,"496 John Đường,Thành phố JaneHuyện, 194628"
17,Quý cô Xuân Vũ,+84 87 6990356,duongjohn@example.com,"192 John Khu,JohnQuận, 994169"
18,Anh Quang Hoàng,(08) 3001 2547,etran@example.net,"56 Jane Đường,JaneThành phố, 952772"
19,Châu Vũ,+84-54-382 4321,john76@example.net,"662 Jane Ngõ,Thị xã JaneQuận, 617846"
20,Kim Bùi,+84-93-597 5974,jane49@example.org,"1 Bùi Đường,Huyện JohnHuyện, 584196"
21,Hải Thế Hoàng,+84 32 0297324,jane61@example.com,"325 Nguyễn Đường,JohnThị xã, 643350"
22,Quý cô Bảo Lê,(03)750-0421,jane98@example.net,"756 Đặng Tổ,Quận JohnPhường, 845970"
23,Hạnh Trí Lê,+84-09-753863,janenguyen@example.net,"47 Đặng Làng,Huyện JohnThành phố, 781977"
24,Khoa Lê,05 8637 8452,jane07@example.net,"88 Nguyễn Khu,Thị xã JohnXã, 813349"
25,Khoa Xuân Lê,+84 39 6882747,fpham@example.org,"JaneThành phố,20 John Hẻm, 569450"
26,Anh Châu Dương,+84-51-351 0739,lejohn@example.com,"3 John Khu,JohnThành phố, 732971"
27,Bảo Dương,05 8220 9343,johnle@example.net,"13 Jane Số,JohnHuyện, 284221"
28,Cô Thảo Hoàng,+84 14 4862897,johnvu@example.org,"0 John Tổ,JaneQuận, 301010"
29,Hải Phú Đặng,(02)780-3327,tranjohn@example.com,"809 John Làng,JaneHuyện, 268708"
30,Cô Yến Mai,+84 51 2257419,john29@example.com,"227 Bùi Ngõ,JanePhường, 604729"
31,Bảo Dương,08 2245 8130,jane42@example.org,"95 Vũ Hẻm,Huyện JaneQuận, 667641"
32,Nhật Trần,(03)516-1847,janetran@example.org,"JohnXã,4 Jane Hẻm, 214650"
33,Cô Hạnh Phạm,01 7552640,john87@example.com,"874 Trần Đường,JaneXã, 638772"
34,An Trần,(00) 4663 7000,vujohn@example.net,"752 Nguyễn Đường,Thành phố JaneThị xã, 869132"
35,Hưng Thị Mai,+84-59-297854,zvu@example.net,"96 John Đường,JaneQuận, 847283"
36,Thảo Lê,05 8653 4219,khoang@example.net,"JaneThị xã,4 Trần Số, 245166"
37,Cô Lâm Phạm,00 3974363,johndang@example.com,"78 John Dãy,JohnThị xã, 530990"
38,Bảo Dương,(06) 4049 5298,john37@example.com,"Huyện JaneQuận,821 Jane Khu, 384067"
39,Dũng Trần,(00)847-5691,jane11@example.org,"644 Mai Số,JohnPhường, 112814"
40,Hải Xuân Lê,+84-86-567267,jane06@example.org,"Thị xã JanePhường,865 Jane Dãy, 434859"
41,Thảo Phạm,+84-09-022501,nguyenjohn@example.org,"58 Hoàng Khu,JaneHuyện, 372265"
42,Yến Vũ,+84 40 4991521,john25@example.org,"663 Đặng Đường,Thị xã JohnThị xã, 809368"
43,Lan Lê,(05) 5503 9912,qbui@example.com,"025 Jane Khu,JaneQuận, 172994"
44,Chị Hà Nguyễn,+84 46 9369938,nguyenjohn@example.net,"087 Mai Làng,Thị xã JaneHuyện, 260763"
45,Bảo Hữu Vũ,(04)112-9563,johnhoang@example.com,"4 Lê Đường,Quận JohnHuyện, 789591"
46,Phúc Bùi,(09) 8622 5445,buijohn@example.com,"Huyện JanePhường,1 John Ngõ, 611276"
47,Kim Đức Bùi,04 3167895,johnpham@example.com,"17 John Số,Huyện JaneThị xã, 221177"
48,Bác Trung Bùi,+84 47 2991458,jane60@example.com,"36 Bùi Ngõ,JaneQuận, 318936"
49,Nhiên Trần,05 1162 5775,janevu@example.com,"768 John Tổ,Quận JaneThị xã, 464182"
50,Ông Nam Bùi,04 5434 1418,buijane@example.com,"7 Jane Hẻm,Thành phố JohnThành phố, 984255"
51,Bà Thảo Nguyễn,(02)829-9682,lejohn@example.org,"7 Jane Ngõ,JaneThị xã, 682598"
52,Ánh Vũ,03 3241199,dbui@example.com,"706 Trần Tổ,JohnXã, 202810"
53,Tùng Phạm,(06) 3791 0224,johnbui@example.net,"199 Mai Làng,Huyện JohnThành phố, 977879"
54,Anh Huy Dương,+84 24 6257158,janevu@example.com,"64 Lê Tổ,Quận JaneHuyện, 336570"
55,Bà Mai Mai,+84 27 2334474,janebui@example.org,"31 Hoàng Hẻm,Thị xã JaneHuyện, 359278"
56,Quý cô Ngọc Dương,+84 41 0081058,johnnguyen@example.net,"7 John Hẻm,Thị xã JohnQuận, 690582"
57,Bà Lan Mai,(04) 9543 9133,ehoang@example.net,"531 Lê Tổ,Thị xã JaneThành phố, 647825"
58,Cô Vân Vũ,(06)543-0495,johnhoang@example.org,"398 Jane Ngõ,JaneQuận, 715405"
59,Nhật Mai Mai,03 9470337,john72@example.net,"56 John Tổ,Thành phố JohnThành phố, 596243"
60,Khoa Quang Dương,06 7584077,jane58@example.com,"125 John Tổ,JohnHuyện, 465472"
61,Bảo Quang Phạm,+84-02-570 3457,tranjohn@example.com,"8 Mai Dãy,JohnThị xã, 189223"
62,Yến Lê,+84-15-776 3799,phamjane@example.net,"64 Nguyễn Khu,JaneThành phố, 168530"
63,Minh Bùi,+84-90-198744,nguyenjane@example.org,"021 John Đường,Thành phố JaneQuận, 892285"
64,Tùng Đặng,(07)948-3637,ytran@example.org,"86 Jane Hẻm,Thành phố JaneThị xã, 532011"
65,Ông Hưng Nguyễn,(08)646-6610,johnle@example.com,"6 Jane Tổ,JanePhường, 783501"
66,Quang Mai,+84-34-402 4262,maijane@example.com,"9 Jane Đường,Huyện JaneHuyện, 861502"
67,Bà Bảo Trần,(00) 3386 9107,atran@example.org,"9 Đặng Dãy,Thị xã JaneThành phố, 853486"
68,Thành Quang Bùi,08 6006258,jane74@example.org,"1 John Hẻm,JaneXã, 596536"
69,Cô Xuân Vũ,+84-44-638 2704,jnguyen@example.org,"60 Trần Làng,JohnQuận, 330392"
70,Thành Bùi,+84-49-826 6064,xtran@example.com,"88 Jane Ngõ,JohnHuyện, 891735"
71,Bà Duyên Mai,02 1097 4015,johnle@example.org,"Quận JaneThị xã,35 Hoàng Tổ, 950724"
72,Quý cô Lan Lê,03 6303 7208,janetran@example.org,"485 John Tổ,JohnXã, 957126"
73,Bà Lâm Trần,+84-73-132 4403,duongjohn@example.net,"781 John Đường,JohnPhường, 252144"
74,Bác Khoa Bùi,+84 16 4097573,jane95@example.org,"687 Phạm Làng,Thị xã JanePhường, 414185"
75,Quang Đức Bùi,01 9856977,pnguyen@example.org,"Huyện JaneThị xã,2 Lê Dãy, 713275"
76,Bảo Hoàng,(07)131-5712,jane66@example.org,"57 Đặng Ngõ,Thị xã JaneThị xã, 156923"
77,Duyên Hoàng,(08)363-4352,john70@example.com,"68 Vũ Khu,JanePhường, 222898"
78,Hải Vũ,(08) 8608 2412,janetran@example.net,"572 John Tổ,Huyện JaneThành phố, 545981"
79,Ông Châu Dương,(09)616-3111,ltran@example.net,"699 Lê Dãy,Huyện JohnPhường, 231729"
80,Bác Dũng Đặng,+84 20 0410102,zvu@example.org,"36 John Tổ,Huyện JohnThị xã, 413830"
81,Cô Nhật Lê,00 7692 3137,opham@example.com,"30 John Khu,JohnHuyện, 156528"
82,Vũ Thế Dương,+84 41 3508229,janevu@example.org,"4 Jane Làng,Huyện JanePhường, 766230"
83,Vũ Dương,05 4315 9493,johnbui@example.net,"63 Bùi Tổ,Quận JohnThị xã, 533181"
84,Khoa Vũ,(01) 5402 0125,john18@example.org,"058 Bùi Hẻm,JohnQuận, 611430"
85,Nhật Quang Lê,02 4939 6162,ubui@example.net,"154 Jane Hẻm,JaneXã, 535833"
86,Vân Trần,(04) 6033 2986,jhoang@example.org,"631 John Hẻm,Thị xã JanePhường, 840686"
87,Bảo Hoàng,+84 74 0237856,jane89@example.net,"5 Jane Hẻm,JaneQuận, 369589"
88,Chị Vi Dương,09 2317 7610,janehoang@example.net,"689 Phạm Khu,Thị xã JaneThành phố, 775932"
89,Hải Phú Phạm,(03) 7068 1635,ale@example.org,"1 John Khu,JanePhường, 658024"
90,Thành Trần,(03) 0851 9975,jane52@example.org,"694 Jane Khu,JohnThị xã, 745582"
91,Quý cô Hải Trần,07 2622 7810,cle@example.org,"JaneThị xã,797 Bùi Dãy, 789296"
92,Hải Lê,(00) 4145 9487,jane28@example.org,"0 Jane Hẻm,JohnXã, 611339"
93,Ông Nam Mai,08 5653 1680,jane04@example.com,"333 Jane Tổ,JohnXã, 884635"
94,Chị Phương Hoàng,03 1583 9178,jane93@example.net,"68 John Hẻm,Thị xã JohnQuận, 536608"
95,Huy Đức Vũ,02 3031600,john18@example.org,"98 Dương Làng,JohnPhường, 743083"
96,Hạnh Phạm,+84 61 0563137,john09@example.org,"9 Bùi Làng,Huyện JohnThành phố, 449991"
97,Hà Hoàng Trần,(05) 1450 1374,jane39@example.net,"27 John Số,JohnPhường, 583519"
98,Bác Quang Hoàng,(09) 9356 2673,xvu@example.com,"46 Phạm Hẻm,JohnQuận, 411101"
99,Thảo Đặng,+84-97-912 1547,ymai@example.org,"3 Vũ Số,Quận JohnThành phố, 656849"
100,Bảo Vũ,+84 96 7982435,lejane@example.net,"39 Hoàng Số,Quận JohnThị xã, 265812"
101,Dương Phạm,(01) 5983 6631,phamjohn@example.com,"95 Trần Làng,Huyện JohnXã, 537997"
102,Quý cô Yến Phạm,(06) 0842 7909,janepham@example.org,"272 Lê Tổ,Huyện JaneThị xã, 146044"
103,Chị Ngọc Mai,07 7009563,ypham@example.com,"0 John Khu,Quận JaneXã, 435840"
104,Quý ông Phúc Lê,05 5068147,nguyenjane@example.org,"024 Jane Hẻm,JaneXã, 473090"
105,Hồng Hoàng,+84-99-499 5747,janele@example.com,"34 Jane Số,Huyện JaneXã, 912718"
106,Xuân Nguyễn,(02) 3707 1142,john11@example.net,"191 Hoàng Đường,JohnThành phố, 537703"
107,Minh Hoàng Lê,+84-43-263 9659,tduong@example.org,"3 Dương Ngõ,JohnThị xã, 318392"
108,Hưng Xuân Phạm,+84-03-697 1271,dangjohn@example.net,"85 Jane Dãy,JaneXã, 654901"
109,Ngọc Mai,+84 68 9920677,jane51@example.com,"44 Jane Tổ,JohnThị xã, 345375"
110,Minh Xuân Hoàng,(02) 2630 3923,janedang@example.org,"07 John Dãy,Thị xã JaneXã, 305133"
111,Chị Vân Vũ,04 3258 5565,emai@example.net,"6 Nguyễn Số,JohnPhường, 399470"
112,Anh Anh Mai,+84-91-831 8298,janetran@example.org,"5 Vũ Đường,JohnThị xã, 273165"
113,Bà Hạnh Đặng,+84-31-223 5134,janevu@example.net,"7 Jane Khu,Thị xã JaneHuyện, 282199"
114,Hoàng Nguyễn,(02)657-0280,bduong@example.com,"8 John Dãy,Thị xã JaneThị xã, 428736"
115,Châu Văn Phạm,(06)539-6314,duongjohn@example.org,"4 Jane Làng,JaneXã, 916552"
116,Khoa Lê,(00) 4342 3961,jane16@example.net,"810 Vũ Ngõ,Thị xã JohnPhường, 150520"
117,Chị Yến Dương,00 2973924,johnmai@example.com,"373 Vũ Dãy,JohnHuyện, 325100"
118,Tùng Đặng,+84 28 6257505,tranjane@example.org,"204 Phạm Đường,Quận JaneQuận, 347311"
119,Lan Trần,01 4616 3028,xnguyen@example.org,"63 John Dãy,JaneHuyện, 234532"
120,Thành Vũ,+84-79-685 6284,fmai@example.com,"4 Hoàng Đường,JohnThành phố, 826673"
121,Quý cô Lâm Mai,06 0205560,ole@example.com,"818 Trần Đường,JohnThành phố, 671817"
122,Chị Hạnh Vũ,07 1769122,maijohn@example.net,"4 John Ngõ,JaneQuận, 880645"
123,Ánh Phạm,01 7753807,johnvu@example.org,"9 Nguyễn Số,JohnXã, 807590"
124,Kim Hoàng,02 4708850,john43@example.net,"952 Jane Khu,Quận JohnPhường, 253578"
125,Anh Vũ Phạm,04 0063 3014,john43@example.net,"27 John Tổ,Quận JohnThị xã, 241584"
126,Bảo Trí Bùi,+84 78 0870187,janedang@example.net,"570 Phạm Đường,JanePhường, 623444"
127,Phương Hữu Mai,(02)740-3448,apham@example.net,"3 Mai Tổ,Huyện JohnThành phố, 172988"
128,Kim Hoàng,+84-03-098214,janenguyen@example.com,"6 Phạm Ngõ,JohnHuyện, 848558"
129,Quang Mai Phạm,(09)202-1871,johnpham@example.com,"9 John Số,Thành phố JohnPhường, 975580"
130,Ông Thành Nguyễn,06 7955683,john28@example.org,"9 John Hẻm,Thị xã JaneHuyện, 935087"
131,Bà Ngọc Mai,(03) 5289 3117,jane98@example.com,"524 Mai Dãy,Huyện JohnHuyện, 549768"
132,Hải Dương,(07)084-7905,nguyenjane@example.com,"061 Mai Đường,JohnThị xã, 731507"
133,Vi Trần,+84-74-951 1919,johndang@example.net,"35 Jane Dãy,Thành phố JohnThị xã, 842225"
134,Ông Phúc Lê,+84 16 7487651,dangjohn@example.com,"JohnXã,09 Lê Hẻm, 557613"
135,Quý cô Nhật Đặng,(08)059-0794,johnhoang@example.com,"16 John Khu,JohnThị xã, 486292"
136,Hưng Dương,+84-52-393118,janedang@example.com,"65 Jane Dãy,JohnPhường, 850023"
137,Tùng Lê,(04)139-2141,jane61@example.org,"6 Jane Số,Quận JanePhường, 439642"
138,Anh Thị Phạm,(02) 6346 1527,jane78@example.org,"74 John Ngõ,JaneHuyện, 473045"
139,Thành Mai,01 1811 6284,john31@example.org,"02 Jane Hẻm,Quận JanePhường, 214040"
140,Nhiên Bùi,+84-69-589 4192,nguyenjohn@example.org,"86 John Số,Thị xã JohnHuyện, 336148"
141,Tú Trần,+84-00-209040,duongjohn@example.net,"892 Jane Dãy,JaneXã, 781135"
142,Bảo Xuân Vũ,+84 91 6215428,john29@example.net,"704 John Ngõ,JohnPhường, 933969"
143,Nhật Hoàng Bùi,+84-63-749 4495,jane10@example.org,"633 Jane Đường,Thị xã JaneThị xã, 831690"
144,Hạnh Văn Nguyễn,03 9021 0618,john52@example.net,"72 Jane Tổ,JaneHuyện, 847909"
145,Thành Mai Lê,+84-67-979254,ole@example.net,"405 Bùi Đường,JohnPhường, 842767"
146,Chị Ánh Mai,(04)316-8366,jane17@example.com,"4 John Tổ,Thị xã JanePhường, 156119"
147,Nhật Nguyễn,+84 72 2346195,phamjane@example.net,"304 John Tổ,JohnThị xã, 642657"
148,Nhật Đức Trần,+84-17-264351,janevu@example.com,"8 John Đường,Thành phố JaneHuyện, 966169"
149,Minh Văn Dương,05 4901 3301,dangjane@example.com,"48 Phạm Hẻm,Quận JohnThành phố, 975759"
150,An Hoàng Nguyễn,00 5628 3206,lejane@example.com,"75 Jane Khu,JaneXã, 804144"
151,Chị Bảo Dương,06 6951594,johndang@example.org,"1 Vũ Làng,Quận JaneQuận, 541900"
152,Lâm Văn Vũ,+84-65-349970,anguyen@example.org,"21 John Đường,Thị xã JaneThành phố, 286553"
153,Quý cô Khoa Lê,(07)412-4598,dangjohn@example.net,"6 John Khu,Quận JanePhường, 777319"
154,Quý cô Duyên Dương,(00) 6608 1171,fhoang@example.net,"67 Bùi Hẻm,JohnHuyện, 418524"
155,Bác Hưng Nguyễn,00 5439 3112,janehoang@example.org,"949 Bùi Ngõ,JaneXã, 704751"
156,Bà Mai Bùi,+84-88-108382,janetran@example.com,"857 Hoàng Khu,Quận JaneXã, 968740"
157,Thành Đặng,09 7429198,johnle@example.com,"4 Jane Khu,Quận JohnPhường, 917432"
158,Chị Hồng Hoàng,+84 41 2705956,phamjane@example.org,"4 Mai Đường,Thành phố JohnXã, 155796"
159,Xuân Dương,+84 20 0085050,lejohn@example.net,"Thành phố JaneHuyện,00 Jane Dãy, 608445"
160,Thành Trần,+84-54-684149,johntran@example.com,"5 Jane Đường,JaneThị xã, 486778"
161,Quý ông Vũ Hoàng,09 9856 4656,lejohn@example.net,"3 Jane Làng,Thành phố JohnHuyện, 750061"
162,Lan Trần,02 7541 9665,buijohn@example.net,"3 Nguyễn Dãy,JaneHuyện, 324476"
163,Bà Mai Phạm,05 5307 7821,hmai@example.com,"8 Jane Khu,Quận JaneXã, 532197"
164,Bà Duyên Vũ,+84-52-946478,qtran@example.net,"3 Nguyễn Dãy,Huyện JaneHuyện, 381017"
165,Mai Dương,+84 99 9670022,otran@example.org,"08 Hoàng Dãy,Thị xã JanePhường, 675923"
166,Bà Yến Dương,06 8010 8534,vujane@example.com,"7 Đặng Hẻm,Quận JohnPhường, 931833"
167,Chị An Bùi,+84-48-643 4496,phoang@example.org,"596 Jane Đường,Thị xã JohnThị xã, 667975"
168,Lâm Văn Trần,(01) 0392 3448,john48@example.org,"Thị xã JaneHuyện,1 John Số, 430457"
169,Hải Trí Mai,(02) 9058 7092,nguyenjohn@example.org,"63 John Tổ,Quận JaneHuyện, 848600"
170,An Mai,+84-49-267 3132,nguyenjohn@example.net,"7 John Đường,Thành phố JaneXã, 211410"
171,Cô Xuân Bùi,04 4368760,jane56@example.org,"3 Dương Số,JaneThành phố, 813322"
172,Bà Bảo Đặng,09 9477 8133,xnguyen@example.com,"278 Bùi Số,JohnXã, 546940"
173,Vân Mai,+84 85 0026383,fbui@example.org,"747 Trần Ngõ,Thị xã JanePhường, 766394"
174,Anh Nam Dương,+84 14 7801573,janetran@example.com,"9 Jane Khu,JaneXã, 494591"
175,Ngọc Trần,+84-16-904 7653,jane49@example.net,"Huyện JohnXã,37 Phạm Hẻm, 120553"
176,Quang Hải Vũ,(05) 4055 8583,jane71@example.org,"Thành phố JaneThị xã,5 Vũ Dãy, 864514"
177,Bảo Hải Dương,(04)848-9842,jane58@example.net,"59 Vũ Làng,JohnThành phố, 575167"
178,Tú Đức Bùi,+84-81-542788,johnbui@example.net,"4 Trần Dãy,Thành phố JaneThị xã, 924810"
179,Cô Xuân Phạm,(06)376-9242,john64@example.org,"446 Mai Hẻm,JaneThị xã, 568943"
180,Bà Nhật Hoàng,06 9973 4018,jpham@example.com,"842 Dương Số,Thị xã JaneThành phố, 434162"
181,Chị Yến Mai,(06)390-1227,jane69@example.org,"54 Phạm Khu,JohnQuận, 517714"
182,Huy Phú Đặng,+84 78 3437274,ebui@example.org,"40 Jane Ngõ,JohnXã, 632948"
183,Vân Hoàng,07 7350 5317,lduong@example.com,"62 Jane Dãy,JohnXã, 732608"
184,Anh Châu Bùi,00 1655 6880,uvu@example.net,"264 Trần Đường,Thành phố JaneThị xã, 297075"
185,Vũ Trần,04 7604075,janele@example.net,"3 Bùi Làng,Huyện JohnThành phố, 751832"
186,Quý cô Nhật Vũ,+84-12-654718,john41@example.org,"5 Dương Đường,Huyện JaneXã, 522535"
187,Ông Quang Lê,+84-42-768 2515,jane96@example.org,"9 Jane Khu,Thành phố JohnXã, 689461"
188,Quý cô Thành Hoàng,+84-77-759480,johnle@example.net,"13 Nguyễn Ngõ,Thành phố JaneQuận, 162655"
189,Bác Tùng Vũ,+84-89-881 3881,janedang@example.org,"431 Jane Dãy,Quận JohnXã, 270601"
190,Bảo Nguyễn,(06) 7825 4485,hoangjane@example.net,"07 Bùi Số,JaneHuyện, 563754"
191,Ánh Hoàng,(07) 6779 9446,jane19@example.com,"9 Dương Đường,JaneThành phố, 705274"
192,Khoa Nguyễn,+84-62-643 5776,john83@example.org,"66 Nguyễn Khu,JanePhường, 747630"
193,Hà Phạm,(05)419-6160,pvu@example.net,"578 Bùi Số,JaneQuận, 640956"
194,Cô Phương Trần,+84-53-221 6171,lejohn@example.net,"025 Dương Đường,JohnQuận, 677283"
195,Trọng Nguyễn,(08)742-4236,john41@example.org,"61 Jane Hẻm,JaneHuyện, 808160"
196,Hương Dương,08 2602964,wbui@example.com,"131 Jane Tổ,JohnThành phố, 650410"
197,Chị Kim Phạm,01 7748 5801,johndang@example.net,"2 Vũ Khu,JaneThành phố, 765937"
198,Huy Mai,(06)680-9172,john21@example.com,"761 Nguyễn Tổ,Thành phố JohnThành phố, 442973"
199,Phương Đặng,+84-55-891672,john80@example.org,"872 Jane Làng,Thành phố JaneThị xã, 838132"
200,Chị Lan Mai,+84-39-590 0864,hle@example.com,"969 John Hẻm,JaneQuận, 859267"
201,Thảo Hoàng,+84 02 3671307,zduong@example.net,"867 John Số,JohnHuyện, 829133"
202,Tú Nguyễn,03 1693127,jane56@example.net,"04 Nguyễn Khu,JaneQuận, 965952"
203,Cô Kim Đặng,08 8878 8121,eduong@example.net,"5 Jane Tổ,JohnQuận, 151509"
204,Cô Bảo Hoàng,08 0286326,dangjane@example.org,"5 Jane Làng,JohnThành phố, 531497"
205,Yến Lê,(07) 0121 3457,dmai@example.net,"943 Bùi Hẻm,JaneQuận, 358897"
206,Anh Đức Bùi,+84-02-429 2503,john71@example.com,"0 John Làng,Quận JohnPhường, 920810"
207,Vân Vũ,(01) 1075 3183,umai@example.org,"46 John Đường,Thị xã JohnQuận, 249251"
208,Chị Kim Vũ,+84-59-621132,mmai@example.com,"8 John Đường,Huyện JohnHuyện, 679608"
209,Hà Mai,+84 67 0971777,jane60@example.org,"39 Phạm Dãy,Quận JohnThị xã, 149520"
210,Hạnh Phạm,+84-08-348540,jane28@example.org,"227 Đặng Dãy,Huyện JaneThị xã, 451878"
211,Bác Thành Trần,(02)565-3245,htran@example.com,"46 Jane Số,JaneXã, 920003"
212,Nhật Hoàng,(01) 7340 6030,rmai@example.org,"756 Vũ Hẻm,Thành phố JohnQuận, 360864"
213,Bà Vân Phạm,(05)143-1347,johnmai@example.org,"416 Trần Làng,JohnQuận, 654121"
214,Lâm Hải Mai,05 6710303,jane00@example.net,"502 Phạm Số,Thị xã JohnXã, 513544"
215,Quang Mai,(09) 4931 5703,john73@example.net,"8 Lê Hẻm,Quận JaneQuận, 618904"
216,Bảo Đức Hoàng,(05) 4613 7496,zbui@example.net,"18 Jane Khu,JohnQuận, 678363"
217,Nhật Xuân Hoàng,(06) 7672 0951,lnguyen@example.net,"785 John Hẻm,JaneHuyện, 236163"
218,Vũ Dương,(07) 2361 4542,john40@example.org,"95 Phạm Ngõ,JohnPhường, 226195"
219,Bà Lan Đặng,+84 93 3657509,qvu@example.net,"0 Lê Ngõ,JaneThị xã, 435530"
220,Mai Hoàng,07 9472073,john51@example.net,"06 Jane Hẻm,JohnThành phố, 909251"
221,Quý cô Dương Hoàng,04 2658708,janebui@example.net,"6 Jane Làng,Huyện JaneHuyện, 645536"
222,Trọng Tấn Trần,+84 35 8818697,john10@example.com,"0 Vũ Tổ,Thị xã JaneXã, 735094"
223,Ngọc Phạm,+84-34-059 9804,duongjohn@example.com,"16 Trần Hẻm,JaneXã, 159219"
224,Vũ Dương,+84-26-955667,vujane@example.com,"Thị xã JaneQuận,1 Lê Hẻm, 602932"
225,Anh Khoa Vũ,(05)467-1359,john58@example.net,"01 Vũ Hẻm,Huyện JaneQuận, 755328"
226,Cô Ánh Trần,06 4428 4849,dangjohn@example.com,"88 John Số,JaneHuyện, 413193"
227,Chị Hạnh Vũ,(02) 4385 4665,tranjohn@example.com,"4 Vũ Khu,JohnThị xã, 818243"
228,Bà Hồng Đặng,01 3314970,janemai@example.org,"77 John Làng,JohnThành phố, 325730"
229,Anh Khoa Mai,08 1598165,jane39@example.com,"679 Jane Đường,JaneQuận, 750018"
230,Ông Hoàng Trần,(00)421-9907,john43@example.com,"8 Đặng Số,JaneHuyện, 503084"
231,Thành Mai,(03) 9231 9081,vujohn@example.org,"6 John Khu,Huyện JohnQuận, 910490"
232,Nhật Hải Dương,+84-73-623 8006,janemai@example.org,"33 John Làng,Quận JohnThị xã, 949954"
233,Bác Anh Mai,09 3003836,janetran@example.com,"7 Bùi Đường,JohnHuyện, 312196"
234,Trung Đức Nguyễn,+84-09-044791,spham@example.com,"3 John Tổ,Thị xã JaneThị xã, 460856"
235,Hoàng Hải Đặng,(06)437-6662,tranjohn@example.org,"7 John Tổ,JaneXã, 430327"
236,Ông Quang Nguyễn,(00)031-9825,janele@example.net,"2 John Khu,Thị xã JohnPhường, 690903"
237,Nam Đức Đặng,02 2942965,jane49@example.com,"8 John Tổ,JohnPhường, 137221"
238,Mai Vũ,+84 24 9803680,hoangjohn@example.net,"1 John Dãy,JaneQuận, 694982"
239,Lâm Đặng,+84 04 9696570,vujohn@example.org,"JohnPhường,742 Nguyễn Hẻm, 337169"
240,Hà Xuân Hoàng,+84-00-511 9027,john75@example.net,"9 Jane Khu,JohnHuyện, 350757"
241,Nhật Hoàng,(07) 4538 7891,janehoang@example.org,"0 Jane Tổ,JaneQuận, 902075"
242,Quý ông Tú Bùi,02 1954596,tranjane@example.org,"412 Jane Ngõ,JaneThành phố, 895292"
243,Quý cô Ngọc Nguyễn,+84-90-995 7725,bvu@example.net,"939 John Hẻm,Huyện JohnQuận, 846868"
244,Bà Nhật Mai,+84 66 2408833,ntran@example.org,"14 Trần Khu,Quận JaneQuận, 285651"
245,An Đức Vũ,06 8264404,john44@example.com,"896 Dương Ngõ,JohnThị xã, 656908"
246,Cô Dương Vũ,(02)217-4543,jane79@example.org,"7 Dương Số,JaneHuyện, 784014"
247,Trung Trần,03 1276591,john15@example.net,"075 Dương Dãy,JohnThị xã, 923446"
248,Quang Mai,+84 23 0032720,john97@example.org,"36 John Số,Thành phố JohnXã, 504716"
249,Thảo Nguyễn,+84 92 4964665,lejane@example.com,"93 Nguyễn Dãy,Thành phố JaneHuyện, 656454"
250,Bà Duyên Nguyễn,06 7815914,jhoang@example.com,"618 John Khu,Huyện JohnThành phố, 676121"
251,Tùng Trần,+84-92-147146,nguyenjane@example.org,"7 Jane Ngõ,JaneXã, 871941"
252,Minh Mai,(09)714-7707,johnduong@example.net,"18 Jane Dãy,JohnThành phố, 802405"
253,Quang Quang Bùi,06 5609 5563,buijane@example.net,"5 Nguyễn Đường,Thị xã JohnThành phố, 842194"
254,Châu Trí Đặng,+84 82 1429470,jane88@example.com,"181 Đặng Ngõ,Huyện JaneHuyện, 423241"
255,Vi Đặng,(04)266-9694,john84@example.org,"80 Trần Đường,Huyện JohnThành phố, 275031"
256,Phương Đức Nguyễn,(09) 2595 9719,johndang@example.org,"67 Jane Khu,Thị xã JohnXã, 533004"
257,Tùng Quang Bùi,(04) 7961 4891,john95@example.net,"53 Jane Khu,JohnXã, 405976"
258,Thành Bùi,00 6290 2276,john88@example.com,"33 Hoàng Hẻm,Huyện JaneThành phố, 369603"
259,Kim Thị Lê,00 2922326,dangjohn@example.net,"Thị xã JohnQuận,785 John Tổ, 160888"
260,Chị Xuân Bùi,01 4209679,ctran@example.net,"9 Trần Khu,Quận JohnPhường, 971455"
261,Phúc Văn Phạm,(07) 1438 2590,htran@example.com,"1 Mai Tổ,Huyện JohnXã, 571105"
262,Ngọc Nguyễn,(07) 6702 8917,janenguyen@example.net,"51 Đặng Số,JohnXã, 630784"
263,Bác Trung Hoàng,02 6446793,janebui@example.net,"4 Hoàng Dãy,Thành phố JohnPhường, 695154"
264,Bảo Hữu Lê,05 3076707,ddang@example.org,"76 Dương Ngõ,Huyện JohnQuận, 583701"
265,Bà Xuân Trần,+84-94-075 4353,zbui@example.net,"32 Jane Hẻm,Thị xã JaneThị xã, 605694"
266,An Hữu Nguyễn,06 2777 6210,john57@example.org,"726 Hoàng Tổ,Thành phố JaneQuận, 206851"
267,Quý ông Huy Trần,+84 76 1069865,kbui@example.org,"752 Jane Số,Thị xã JohnHuyện, 723207"
268,Quý ông Trọng Nguyễn,(08) 0301 0090,nguyenjane@example.org,"40 John Ngõ,JanePhường, 471294"
269,Cô Ánh Vũ,+84-82-684894,pbui@example.org,"255 Lê Khu,Thị xã JaneQuận, 391466"
270,Quý cô Thành Phạm,+84-15-080608,buijohn@example.net,"4 John Khu,JohnHuyện, 841296"
271,Chị Hà Bùi,+84-60-136 9519,buijohn@example.net,"4 Vũ Khu,JaneQuận, 160145"
272,Quý cô Yến Hoàng,+84-63-773937,janedang@example.net,"706 Hoàng Đường,JaneQuận, 168099"
273,Thành Hải Vũ,06 9259201,janehoang@example.org,"63 Lê Làng,JohnQuận, 858128"
274,Dũng Phạm,+84 09 1017834,ole@example.com,"4 Phạm Dãy,Thành phố JohnThị xã, 193267"
275,Cô Kim Bùi,(07)734-8054,tranjohn@example.net,"95 Jane Đường,Thị xã JohnHuyện, 886329"
276,Chi Mai,+84-16-838932,janepham@example.net,"962 Mai Dãy,Huyện JaneXã, 696975"
277,Bác Quang Lê,(04)097-5605,phamjohn@example.org,"46 Đặng Ngõ,JaneThị xã, 106299"
278,Quý cô Nhật Mai,+84-09-615301,eduong@example.org,"469 Phạm Hẻm,Quận JohnQuận, 926476"
279,Chị Nhật Mai,08 4508 3083,john76@example.org,"6 Jane Khu,JohnHuyện, 755591"
280,Bác Thành Trần,+84-71-382 0583,wdang@example.org,"17 Jane Hẻm,Thành phố JohnThị xã, 256568"
281,Anh Tùng Mai,08 2189 5772,tranjane@example.net,"8 Jane Tổ,Thành phố JohnQuận, 988841"
282,Nam Trần,+84 72 8075144,john60@example.org,"69 Jane Dãy,Huyện JohnThị xã, 557767"
283,Chị Kim Lê,03 3239870,janeduong@example.net,"53 Jane Tổ,Quận JaneThị xã, 737785"
284,Hoàng Tấn Bùi,(08) 3981 1558,nguyenjohn@example.com,"87 Dương Khu,Huyện JaneQuận, 257494"
285,Nam Hoàng,(02) 2418 2582,john29@example.net,"JaneQuận,039 John Số, 743783"
286,Lâm Nguyễn,+84-55-546322,maijane@example.org,"549 Phạm Tổ,Quận JohnHuyện, 342015"
287,Khoa Văn Dương,04 4284 5142,jane87@example.net,"12 Vũ Dãy,JaneThị xã, 443110"
288,Hà Quang Nguyễn,+84-44-814447,janehoang@example.net,"7 Mai Ngõ,JanePhường, 559309"
289,Anh Nhiên Dương,00 5229 7487,hnguyen@example.net,"5 Hoàng Tổ,JohnThành phố, 402209"
290,Quý ông Hoàng Trần,+84-39-698759,john37@example.com,"427 Trần Làng,JaneXã, 364727"
291,Hạnh Thị Lê,09 5318 8398,dangjohn@example.net,"8 Jane Số,JohnXã, 310883"
292,Quý cô Kim Lê,+84-74-448 6011,dhoang@example.com,"9 John Dãy,JohnThị xã, 174978"
293,Quý ông Dũng Phạm,(08) 4182 4237,johnle@example.net,"580 Lê Tổ,Quận JaneHuyện, 125670"
294,Bảo Lê,+84-40-612 4774,jane14@example.net,"2 Jane Khu,Thành phố JaneHuyện, 859374"
295,Khoa Văn Vũ,+84-52-418968,ubui@example.org,"1 Dương Làng,JaneThị xã, 225338"
296,Hải Dương,+84-02-510848,kvu@example.com,"00 Vũ Đường,Thị xã JaneQuận, 669044"
297,Cô Ánh Mai,(01) 4354 4096,johnduong@example.org,"243 Vũ Ngõ,JohnThành phố, 193153"
298,Xuân Vũ,02 1347187,lejohn@example.com,"212 Jane Số,JohnQuận, 865454"
299,Bà Khoa Nguyễn,03 9154757,john61@example.com,"81 Lê Hẻm,JohnThị xã, 796164"
300,An Thế Hoàng,+84-44-356667,vujane@example.com,"686 Jane Đường,JohnQuận, 614191"
301,Khoa Dương,(07) 8914 9143,johnbui@example.net,"15 Jane Khu,Thành phố JohnThị xã, 922524"
302,Vũ Bảo Phạm,(07) 1252 8123,johnhoang@example.org,"760 Jane Tổ,Quận JohnQuận, 939550"
303,Hoàng Thị Hoàng,+84 49 0275306,pvu@example.net,"69 Jane Ngõ,JohnThành phố, 942945"
304,Quang Tấn Vũ,+84-53-926932,jane97@example.net,"7 Phạm Ngõ,Huyện JaneQuận, 439949"
305,Quý cô Mai Lê,+84-11-966 2250,maijohn@example.net,"062 Đặng Khu,JohnQuận, 727764"
306,Ông Huy Mai,+84 23 7438392,kpham@example.com,"43 John Tổ,Thành phố JaneThị xã, 862435"
307,Thành Bùi,(05) 9157 3410,ele@example.org,"916 Jane Tổ,Thành phố JohnThị xã, 991126"
308,Thành Lê,(05) 3994 4375,johnmai@example.net,"84 Trần Số,JanePhường, 720298"
309,Quý cô Hải Hoàng,+84-91-941317,janetran@example.com,"844 Jane Dãy,JaneHuyện, 994328"
310,Bà Nhật Mai,02 0033 5737,john28@example.net,"070 Vũ Làng,Thị xã JohnHuyện, 363419"
311,Hương Đặng,(09) 6498 9331,johntran@example.org,"44 John Hẻm,Thành phố JaneQuận, 446661"
312,Cô Chi Bùi,07 1959082,tle@example.net,"45 Jane Tổ,Quận JohnQuận, 879081"
313,Ông Trọng Lê,+84-39-192404,janedang@example.com,"Thị xã JohnThị xã,09 Mai Khu, 621114"
314,Cô Hồng Nguyễn,03 1159 9969,john62@example.com,"967 Hoàng Làng,JaneHuyện, 565409"
315,Hà Phạm,+84-06-758 5597,john16@example.net,"762 Đặng Hẻm,JaneThị xã, 455729"
316,Bác Thành Hoàng,(05)994-2734,btran@example.com,"198 Lê Hẻm,JohnHuyện, 898252"
317,Ông Nam Phạm,05 2883 3803,apham@example.com,"101 John Dãy,Thị xã JohnThị xã, 874905"
318,Dũng Nguyễn,05 1479 3895,janetran@example.com,"31 Đặng Làng,JohnHuyện, 111646"
319,Cô Hạnh Phạm,(04) 1847 5936,jane74@example.org,"81 Phạm Đường,JaneHuyện, 928828"
320,Bà Nhật Trần,08 7446049,duongjane@example.com,"50 Jane Khu,JaneHuyện, 674992"
321,An Hải Bùi,+84-81-803 5045,john34@example.net,"58 Phạm Tổ,JohnPhường, 299022"
322,Ngọc Hoàng,+84-41-743 2358,pbui@example.org,"69 John Số,JohnThành phố, 692419"
323,Nam Tấn Mai,(07) 4612 6756,duongjohn@example.com,"056 Trần Tổ,Quận JaneQuận, 682001"
324,Cô Bảo Lê,03 0160922,jane38@example.org,"0 John Khu,Thành phố JaneThành phố, 817536"
325,Chị Khoa Vũ,02 8769583,cbui@example.org,"8 Nguyễn Dãy,Quận JaneThành phố, 583009"
326,Trung Hữu Trần,(08) 5374 8259,mvu@example.com,"419 Phạm Đường,Quận JanePhường, 788142"
327,Hạnh Phạm,+84-70-343851,kmai@example.org,"2 Jane Khu,Huyện JohnHuyện, 237591"
328,Ngọc Dương,(03)533-2413,jane72@example.net,"6 Lê Dãy,JaneThị xã, 659916"
329,Vi Lê,(06)868-8321,ipham@example.net,"5 Nguyễn Số,Quận JaneQuận, 780791"
330,Quý cô Linh Đặng,(07)423-4558,john60@example.org,"7 John Dãy,Thị xã JaneQuận, 606075"
331,An Vũ,(08) 6486 4201,john97@example.net,"5 Lê Tổ,Quận JaneHuyện, 372557"
332,Bà Hà Dương,03 3270567,duongjohn@example.net,"5 Dương Khu,Huyện JohnPhường, 553344"
333,Bà Thành Dương,+84-30-048181,maijohn@example.org,"3 John Làng,JohnQuận, 273050"
334,Bà Hồng Lê,(04) 6418 7954,rtran@example.org,"36 Hoàng Hẻm,JaneThành phố, 179164"
335,Quý cô Hải Lê,(03)494-9907,janetran@example.net,"780 Phạm Tổ,Thành phố JanePhường, 852282"
336,Nhiên Bảo Lê,04 9999998,jane17@example.org,"971 John Đường,JohnThành phố, 447740"
337,Chị Duyên Đặng,+84-30-061 6678,ubui@example.net,"30 Hoàng Khu,Quận JohnThành phố, 313647"
338,Anh Hải Phạm,(08)882-7472,tranjane@example.net,"950 Nguyễn Ngõ,JaneQuận, 818254"
339,Bác Trung Nguyễn,06 6270511,janenguyen@example.com,"4 Lê Làng,Thành phố JohnXã, 871853"
340,Anh Nguyễn,(09)000-0475,janetran@example.org,"7 Jane Tổ,JohnQuận, 983415"
341,Hạnh Vũ,+84-45-286412,janeduong@example.com,"58 Jane Ngõ,JohnThành phố, 662358"
342,Bảo Hoàng Dương,+84-77-127 5514,kdang@example.com,"8 Mai Khu,JohnThị xã, 974674"
343,Chị Hà Mai,+84-03-682 4284,john82@example.org,"32 Mai Hẻm,JanePhường, 157937"
344,Bác Tùng Đặng,07 9625 8483,dangjohn@example.org,"103 Dương Ngõ,JohnThành phố, 906826"
345,Hà Trí Vũ,+84-75-615341,lejohn@example.org,"08 John Hẻm,JohnThành phố, 797726"
346,Bảo Phạm,+84 45 2127240,john88@example.net,"98 John Làng,JohnThị xã, 145524"
347,Chị An Bùi,+84-64-204556,sbui@example.org,"839 Jane Ngõ,Thị xã JohnQuận, 449094"
348,Cô Thành Đặng,+84-88-451 2339,wle@example.com,"504 Jane Hẻm,JaneThị xã, 211655"
349,Bà Chi Bùi,+84-70-954027,iduong@example.org,"3 Bùi Hẻm,Thành phố JanePhường, 433070"
350,Vũ Đức Nguyễn,07 5637847,jane03@example.net,"96 Jane Dãy,JaneThành phố, 197240"
351,Hà Hữu Phạm,(06) 3650 8169,jane14@example.net,"71 Bùi Dãy,JohnQuận, 127656"
352,An Mai Mai,+84 39 2373167,janenguyen@example.com,"8 Đặng Làng,Quận JaneThị xã, 110427"
353,Ngọc Lê,(07) 9485 2577,janetran@example.net,"96 John Đường,Thành phố JohnThành phố, 895771"
354,Bảo Mai Đặng,+84 38 4715503,janemai@example.net,"810 Nguyễn Số,JohnHuyện, 903183"
355,Chi Đặng,+84-90-104483,duongjohn@example.com,"Huyện JaneXã,51 John Tổ, 531966"
356,Nhật Nguyễn,(00) 9630 5176,mmai@example.org,"2 Phạm Dãy,JohnQuận, 579578"
357,Quý cô Nhật Vũ,(00)565-6593,dangjohn@example.org,"125 John Tổ,Thành phố JanePhường, 935713"
358,Quang Đức Nguyễn,03 3028 2330,cvu@example.com,"1 Jane Hẻm,JohnPhường, 774499"
359,Trung Thị Vũ,(01)003-1617,bbui@example.org,"14 Jane Số,Thành phố JanePhường, 190997"
360,Bảo Nguyễn,07 3247435,johnhoang@example.org,"493 Mai Số,JaneHuyện, 448261"
361,An Hữu Lê,(08)310-5914,janebui@example.com,"1 Jane Khu,JaneXã, 886441"
362,Kim Mai,02 5908661,janeduong@example.com,"282 Phạm Đường,JaneQuận, 447558"
363,Kim Bùi,01 7681 9888,pnguyen@example.net,"029 Jane Tổ,Quận JohnXã, 325343"
364,Cô Dương Dương,+84-01-859646,etran@example.org,"93 John Ngõ,Quận JaneThị xã, 852064"
365,Chị Yến Nguyễn,+84 65 9035608,whoang@example.org,"75 John Dãy,Thành phố JaneThành phố, 309470"
366,Anh Anh Vũ,+84-70-418385,maijohn@example.net,"85 Jane Ngõ,JanePhường, 319691"
367,Châu Vũ,+84 38 7662265,btran@example.com,"49 Bùi Số,Thị xã JaneThành phố, 381192"
368,Cô Hải Trần,+84 18 3261313,kle@example.com,"0 Đặng Khu,JaneThị xã, 944054"
369,Mai Dương,+84-16-096 9254,dangjohn@example.org,"9 Hoàng Đường,JaneXã, 991551"
370,Chị Hạnh Phạm,(00)862-5847,buijohn@example.net,"2 Đặng Khu,Thị xã JohnThị xã, 483745"
371,Trọng Trần,+84-40-422436,vujane@example.org,"5 Trần Làng,JohnThị xã, 288035"
372,Ông Tùng Đặng,09 2043 5060,janemai@example.com,"3 Phạm Hẻm,JaneThành phố, 406360"
373,Phương Hoàng,+84-85-877 5994,lejohn@example.org,"183 Jane Ngõ,JanePhường, 142708"
374,Phúc Văn Trần,+84-94-198657,janeduong@example.com,"894 Jane Đường,Quận JaneQuận, 460648"
375,Hải Vũ,(07)717-8632,john84@example.org,"82 Dương Tổ,Thành phố JohnHuyện, 708684"
376,Anh Huy Phạm,(00)170-1818,janepham@example.net,"3 John Tổ,Quận JaneThị xã, 457672"
377,Nhật Hoàng,+84 10 0785595,janemai@example.org,"3 John Hẻm,JohnPhường, 400630"
378,Cô Nhật Bùi,02 3286 6509,hoangjane@example.com,"849 John Đường,Thị xã JaneThị xã, 877232"
379,Thảo Dương,+84 23 7767881,john44@example.com,"242 John Ngõ,Quận JohnPhường, 148364"
380,Châu Hữu Lê,00 5264 7838,jane67@example.org,"4 John Tổ,Thị xã JaneThành phố, 261848"
381,Bác Thành Trần,(07) 9492 0577,spham@example.org,"29 John Khu,Thành phố JanePhường, 588604"
382,Chi Dương,+84-80-435 7586,dangjane@example.com,"412 John Tổ,Thị xã JohnThị xã, 145193"
383,Vũ Thế Nguyễn,+84-34-741 9574,phamjohn@example.net,"328 Jane Đường,Thị xã JohnHuyện, 838426"
384,Bác Nhiên Bùi,(02)299-7936,jane20@example.org,"2 John Đường,JohnXã, 895723"
385,Duyên Dương,+84-51-488 5403,buijane@example.com,"284 Bùi Ngõ,Quận JohnXã, 262563"
386,Trọng Mai,03 1444210,dangjohn@example.org,"171 John Đường,JaneThành phố, 927106"
387,An Phú Vũ,+84-96-986 3524,tranjohn@example.com,"20 Trần Tổ,Thành phố JohnHuyện, 807634"
388,Quý ông Trọng Vũ,09 7565 4208,janetran@example.com,"97 Dương Hẻm,Quận JohnQuận, 275988"
389,Quý cô Nhật Phạm,02 4162744,lejane@example.com,"1 Jane Số,Thành phố JanePhường, 596093"
390,Dũng Lê,00 4233 2391,johnpham@example.org,"1 Vũ Dãy,JaneThành phố, 127467"
391,Tú Văn Vũ,+84-10-172139,edang@example.com,"3 Lê Hẻm,Thành phố JaneXã, 965758"
392,Hạnh Vũ,+84-36-000722,inguyen@example.com,"7 Jane Hẻm,Quận JaneThành phố, 256795"
393,Thành Bùi,+84-75-070912,vujohn@example.com,"32 Phạm Tổ,Thị xã JaneQuận, 352459"
394,Hưng Hoàng,(07)061-3557,janedang@example.com,"7 Nguyễn Ngõ,JohnQuận, 493815"
395,Cô Xuân Dương,03 1331106,mle@example.net,"94 Jane Ngõ,JaneXã, 577081"
396,Hưng Hoàng,+84-91-051602,jane73@example.net,"9 Jane Làng,JaneThành phố, 699196"
397,Quý cô Khoa Hoàng,(02)998-1277,rle@example.org,"1 Lê Ngõ,JaneXã, 806810"
398,Bác Nam Hoàng,(04)385-6017,johnhoang@example.org,"4 Bùi Số,Quận JaneHuyện, 938931"
399,Hưng Phú Bùi,+84-32-366 2067,emai@example.net,"032 John Khu,Thành phố JohnThành phố, 450235"
400,Khoa Trí Lê,+84-33-216626,bduong@example.com,"1 Hoàng Làng,JanePhường, 281035"
401,Bác Châu Mai,(05) 3596 0381,vujohn@example.com,"013 Bùi Tổ,JaneThành phố, 756811"
402,Bác Minh Dương,05 2330464,janemai@example.net,"Quận JohnPhường,1 Jane Dãy, 511932"
403,Hương Vũ,02 1595 1978,janebui@example.org,"76 Jane Tổ,JohnHuyện, 963835"
404,Quang Văn Nguyễn,03 2691 7489,lejohn@example.com,"292 John Tổ,JohnQuận, 311400"
405,Chị Hương Dương,(02)520-8005,dle@example.org,"223 Nguyễn Hẻm,JohnThị xã, 958324"
406,Khoa Trần,06 4672703,vujohn@example.net,"24 Jane Hẻm,Quận JohnHuyện, 293628"
407,Bảo Trí Bùi,+84 88 9131980,janemai@example.com,"22 John Làng,JohnPhường, 882800"
408,Bảo Phú Bùi,06 4475464,phamjohn@example.org,"024 Vũ Khu,JaneHuyện, 988655"
409,Kim Mai Trần,(03) 7524 8182,phamjohn@example.net,"72 Jane Hẻm,JaneQuận, 876039"
410,Hạnh Xuân Mai,09 2183526,janemai@example.com,"6 Jane Số,JaneHuyện, 701991"
411,An Bùi,+84-24-616 8313,etran@example.org,"09 Nguyễn Dãy,Quận JohnQuận, 842241"
412,Quang Phạm,+84-35-544 1472,hoangjane@example.org,"4 Jane Hẻm,Thành phố JaneXã, 583929"
413,Nhật Văn Lê,04 9848 3861,choang@example.org,"21 Lê Khu,JaneQuận, 228224"
414,Yến Phạm,+84-54-468254,aduong@example.net,"81 Phạm Hẻm,JaneThị xã, 438988"
415,Vân Nguyễn,(01) 9425 6224,sle@example.com,"42 Jane Khu,JohnThành phố, 691545"
416,Bà Bảo Đặng,(00) 1469 8816,jane28@example.com,"4 Đặng Dãy,JaneThành phố, 260802"
417,Nhiên Mai Bảo Hoàng,01 9370 7836,john51@example.org,"2 John Số,JohnPhường, 228470"
418,Bác Châu Bùi,+84-99-379127,janepham@example.com,"271 Jane Tổ,Huyện JohnXã, 683122"
419,Hải Vũ,00 3147802,qnguyen@example.org,"917 Jane Hẻm,JaneThành phố, 764445"
420,Cô Hải Dương,(07)939-3901,janenguyen@example.com,"646 John Dãy,Thành phố JaneThành phố, 431220"
421,Nhiên Vũ,09 8917 1995,johnhoang@example.net,"6 Jane Dãy,Thành phố JohnPhường, 989737"
422,Nhật Mai,(05)088-7756,jane08@example.net,"707 John Dãy,JaneHuyện, 927223"
423,Quang Thế Nguyễn,05 2446 6325,janepham@example.org,"8 Jane Làng,JanePhường, 322519"
424,Trung Hải Dương,(06)720-9154,buijane@example.org,"15 Jane Ngõ,JaneXã, 129060"
425,Nhiên Mai,(03) 3357 7059,wmai@example.com,"382 John Tổ,JaneThành phố, 460352"
426,Anh Phú Hoàng,+84-70-601 1804,ptran@example.com,"0 Lê Tổ,JohnThị xã, 809417"
427,Khoa Đức Dương,07 8214910,john26@example.net,"2 Jane Hẻm,Huyện JohnPhường, 196781"
428,Bác Quang Đặng,08 3531 8576,janevu@example.net,"50 Phạm Làng,Thành phố JohnQuận, 655908"
429,Bà Kim Phạm,(05)313-6854,unguyen@example.net,"80 Jane Dãy,JohnThành phố, 704495"
430,Chị Hạnh Lê,00 9027551,vduong@example.com,"20 John Hẻm,Huyện JohnThị xã, 201472"
431,Chị Vân Dương,04 8504298,dduong@example.com,"5 John Hẻm,JohnXã, 999408"
432,Bảo Quang Vũ,(06) 1348 4724,jane56@example.com,"40 John Dãy,Thị xã JaneThành phố, 954120"
433,Trọng Đức Đặng,+84-89-550906,jane81@example.net,"76 Jane Đường,JaneThành phố, 621526"
434,Cô Linh Nguyễn,04 0210791,htran@example.com,"875 John Làng,JaneXã, 578150"
435,Cô Dương Nguyễn,+84-17-863041,duongjane@example.com,"868 Vũ Làng,Thành phố JaneHuyện, 145469"
436,Nhật Dương,+84 47 7155863,jane08@example.org,"5 Jane Đường,JaneHuyện, 142384"
437,Nhật Lê,+84 33 2708077,janeduong@example.com,"1 Jane Dãy,JohnQuận, 271799"
438,Ánh Đặng,+84 94 8248123,zvu@example.net,"154 John Số,Thành phố JaneXã, 982546"
439,Quý cô Nhật Hoàng,+84-93-242602,john79@example.com,"0 Jane Hẻm,JaneThị xã, 469307"
440,Quý cô Linh Trần,(05)048-4644,john82@example.com,"84 Jane Khu,Huyện JohnQuận, 921394"
441,Hạnh Hải Phạm,+84 80 1821223,qbui@example.com,"7 Jane Số,JohnThành phố, 422258"
442,Bảo Hoàng Lê,+84 01 6046859,aduong@example.com,"JohnThị xã,794 Bùi Làng, 446968"
443,Chị Khoa Dương,+84-64-392 7790,jane33@example.org,"302 John Ngõ,Thị xã JaneHuyện, 111919"
444,Quý cô Thành Trần,04 2451515,dangjohn@example.net,"905 John Khu,Thị xã JaneXã, 232779"
445,Nhật Hoàng,+84-21-018240,tranjane@example.net,"Quận JaneXã,701 Dương Hẻm, 639103"
446,Bà Duyên Nguyễn,+84-93-111899,cle@example.net,"455 Nguyễn Số,Huyện JaneThành phố, 728806"
447,Ánh Phạm,+84-57-784 4594,john77@example.com,"91 Jane Đường,Quận JohnPhường, 804694"
448,Chị Thảo Vũ,+84 69 3577631,mmai@example.com,"7 John Đường,Thị xã JohnQuận, 759582"
449,Cô Vân Hoàng,+84-43-939576,lejane@example.net,"884 Vũ Số,JohnThị xã, 527225"
450,Bảo Phạm,+84 99 0772881,janemai@example.com,"5 John Ngõ,JohnThị xã, 454335"
451,Quý cô Mai Mai,+84-42-349562,lejane@example.net,"26 Bùi Đường,Thị xã JaneQuận, 702370"
452,Quang Bùi,06 0137145,wdang@example.com,"6 Jane Khu,Huyện JohnThị xã, 554460"
453,Bà Khoa Bùi,+84 66 2658176,bnguyen@example.com,"91 Jane Dãy,JaneThị xã, 801869"
454,Duyên Phạm,(09)298-1891,jane48@example.com,"931 Jane Tổ,Huyện JohnThành phố, 853744"
455,Anh Phạm,06 5675639,john99@example.net,"6 Jane Ngõ,JohnXã, 801890"
456,Khoa Hoàng Đặng,(05) 9564 0694,ymai@example.net,"12 Vũ Đường,Quận JaneThành phố, 647309"
457,Dương Trần,(09) 8132 4726,johnpham@example.org,"9 Nguyễn Ngõ,JaneHuyện, 812716"
458,Phương Hoàng,+84 65 1581756,jane84@example.org,"0 Dương Khu,JohnThành phố, 778855"
459,Nam Dương,(05) 1377 9519,jane24@example.net,"55 Jane Hẻm,JaneHuyện, 534769"
460,Hải Tấn Vũ,(09)923-7769,pmai@example.net,"5 John Số,JohnQuận, 905278"
461,Tùng Thế Mai,+84-15-863929,janele@example.org,"81 Lê Khu,Quận JaneThành phố, 667369"
462,Chị Xuân Bùi,+84 43 9187425,janeduong@example.org,"3 Nguyễn Làng,Huyện JohnThị xã, 606309"
463,Vũ Trí Phạm,06 6383 2514,johnvu@example.com,"47 Trần Khu,JohnQuận, 717077"
464,Huy Vũ,+84-17-967 9881,mmai@example.net,"63 Phạm Hẻm,Thành phố JohnPhường, 652784"
465,An Hải Mai,04 8925425,hoangjane@example.com,"44 Dương Khu,JaneThị xã, 337202"
466,Khoa Nguyễn,05 6960 9630,ddang@example.org,"907 Jane Đường,JaneThành phố, 486439"
467,Cô Hạnh Vũ,+84-39-922 4569,jane83@example.org,"12 Jane Ngõ,JohnHuyện, 104064"
468,Chị Ánh Vũ,+84-56-425489,jane17@example.com,"868 Jane Tổ,JohnHuyện, 771828"
469,Phương Phú Phạm,+84-70-540 6945,jane87@example.org,"55 Hoàng Ngõ,JaneThị xã, 591106"
470,Khoa Bùi,+84-40-050 4857,ttran@example.org,"510 John Làng,JaneQuận, 696275"
471,Bảo Phạm,01 8317 7545,evu@example.com,"Thành phố JaneThị xã,1 Lê Đường, 532457"
472,Chi Trần,+84-94-238942,john30@example.net,"Thành phố JohnThị xã,9 John Số, 571268"
473,Chị Yến Mai,+84 24 4533015,tranjane@example.org,"17 Lê Tổ,Thành phố JohnXã, 907292"
474,Khoa Trí Lê,00 6651305,vujane@example.net,"636 Phạm Tổ,Thành phố JaneHuyện, 694958"
475,Cô Bảo Mai,00 3635 3248,john91@example.org,"6 Jane Tổ,Thành phố JohnPhường, 411812"
476,Bà Linh Mai,+84-99-212491,ldang@example.org,"94 Nguyễn Số,JaneHuyện, 585737"
477,Ông Nam Đặng,(06) 8290 2773,vujane@example.com,"0 Hoàng Dãy,Thị xã JaneThành phố, 120516"
478,Nhiên Trí Dương,07 2071944,janepham@example.com,"8 Jane Tổ,Huyện JaneThành phố, 653599"
479,Kim Trần,(05)189-1927,jane12@example.net,"8 Mai Số,Huyện JaneXã, 541826"
480,Lâm Lê,(07) 0398 9168,phamjohn@example.org,"06 Vũ Đường,Huyện JaneQuận, 389784"
481,Minh Phạm,05 8646 5224,vbui@example.com,"077 Bùi Khu,Huyện JaneThị xã, 143653"
482,Phúc Dương,07 5901 4160,tranjane@example.com,"503 John Làng,Quận JohnQuận, 555644"
483,Cô Vi Trần,07 4124917,johnhoang@example.com,"58 Jane Tổ,Thành phố JanePhường, 827309"
484,Nhật Vũ,02 1564328,jane40@example.org,"59 Vũ Tổ,Quận JohnThành phố, 705737"
485,Châu Thị Nguyễn,+84-39-697 8397,hoangjohn@example.net,"64 Hoàng Khu,Thị xã JohnHuyện, 396338"
486,Chị Hương Lê,+84-98-681307,nguyenjane@example.com,"5 Jane Hẻm,JaneThị xã, 665065"
487,Minh Vũ,+84-30-743359,upham@example.org,"04 Hoàng Hẻm,JaneHuyện, 648278"
488,Anh Minh Hoàng,08 4397 0243,dangjohn@example.org,"77 Nguyễn Khu,Thành phố JohnThành phố, 129585"
489,Duyên Trần,06 4310 1346,zdang@example.net,"43 Jane Làng,Quận JaneXã, 748130"
490,Thảo Bùi,(08) 1282 5265,nguyenjohn@example.com,"045 Trần Ngõ,Thị xã JohnPhường, 747563"
491,Cô Hạnh Bùi,+84-92-521 0401,gle@example.org,"4 Jane Số,Thành phố JaneHuyện, 802216"
492,Dương Vũ,(07) 1526 3907,nguyenjane@example.org,"9 Vũ Ngõ,JaneXã, 417520"
493,Hà Trần,01 6814235,john05@example.com,"60 Jane Dãy,Huyện JohnQuận, 835707"
494,Lan Bùi,(02) 8135 9986,vtran@example.net,"633 Hoàng Tổ,Quận JaneXã, 115827"
495,Phương Đức Nguyễn,+84 47 1731130,amai@example.net,"413 John Làng,JaneHuyện, 680567"
496,Chị Duyên Mai,(07) 0308 2642,janedang@example.com,"95 Jane Đường,Thị xã JohnThành phố, 492187"
497,Bảo Mai Bùi,04 4220221,lejohn@example.net,"52 Dương Đường,JohnThị xã, 809381"
498,Phúc Bùi,(05) 7860 1993,dangjohn@example.net,"313 Bùi Làng,Quận JanePhường, 664141"
499,Trung Hoàng,(02)862-0038,nguyenjohn@example.net,"Thị xã JaneThị xã,4 John Hẻm, 677309"
500,Nhiên Vũ,+84 14 1693640,phamjane@example.org,"739 John Ngõ,JaneQuận, 428733"
